Loan_ID,Gender,Married,Dependents,Education,Self_Employed,LoanAmount,Loan_Amount_Term,Credit_History,Property_Area,Loan_Status,Total
LP001002,Male,No,0,Graduate,No,,360.0,1.0,Urban,Y,5849.0
LP001003,Male,Yes,1,Graduate,No,128.0,360.0,1.0,Rural,N,6091.0
LP001005,Male,Yes,0,Graduate,Yes,66.0,360.0,1.0,Urban,Y,3000.0
LP001006,Male,Yes,0,Not Graduate,No,120.0,360.0,1.0,Urban,Y,4941.0
LP001008,Male,No,0,Graduate,No,141.0,360.0,1.0,Urban,Y,6000.0
LP001011,Male,Yes,2,Graduate,Yes,267.0,360.0,1.0,Urban,Y,9613.0
LP001013,Male,Yes,0,Not Graduate,No,95.0,360.0,1.0,Urban,Y,3849.0
LP001014,Male,Yes,3,Graduate,No,158.0,360.0,0.0,Semiurban,N,5540.0
LP001018,Male,Yes,2,Graduate,No,168.0,360.0,1.0,Urban,Y,5532.0
LP001020,Male,Yes,1,Graduate,No,349.0,360.0,1.0,Semiurban,N,23809.0
LP001024,Male,Yes,2,Graduate,No,70.0,360.0,1.0,Urban,Y,3900.0
LP001027,Male,Yes,2,Graduate,,109.0,360.0,1.0,Urban,Y,4340.0
LP001028,Male,Yes,2,Graduate,No,200.0,360.0,1.0,Urban,Y,11179.0
LP001029,Male,No,0,Graduate,No,114.0,360.0,1.0,Rural,N,4693.0
LP001030,Male,Yes,2,Graduate,No,17.0,120.0,1.0,Urban,Y,2385.0
LP001032,Male,No,0,Graduate,No,125.0,360.0,1.0,Urban,Y,4950.0
LP001034,Male,No,1,Not Graduate,No,100.0,240.0,,Urban,Y,3596.0
LP001036,Female,No,0,Graduate,No,76.0,360.0,0.0,Urban,N,3510.0
LP001038,Male,Yes,0,Not Graduate,No,133.0,360.0,1.0,Rural,N,4887.0
LP001041,Male,Yes,0,Graduate,,115.0,,1.0,Urban,Y,6100.0
LP001043,Male,Yes,0,Not Graduate,No,104.0,360.0,0.0,Urban,N,7660.0
LP001046,Male,Yes,1,Graduate,No,315.0,360.0,1.0,Urban,Y,11580.0
LP001047,Male,Yes,0,Not Graduate,No,116.0,360.0,0.0,Semiurban,N,4511.0
LP001050,,Yes,2,Not Graduate,No,112.0,360.0,0.0,Rural,N,5282.0
LP001052,Male,Yes,1,Graduate,,151.0,360.0,,Semiurban,N,6642.0
LP001066,Male,Yes,0,Graduate,Yes,191.0,360.0,1.0,Semiurban,Y,9560.0
LP001068,Male,Yes,0,Graduate,No,122.0,360.0,1.0,Semiurban,Y,5052.0
LP001073,Male,Yes,2,Not Graduate,No,110.0,360.0,1.0,Urban,Y,5266.0
LP001086,Male,No,0,Not Graduate,No,35.0,360.0,1.0,Urban,N,1442.0
LP001087,Female,No,2,Graduate,,120.0,360.0,1.0,Semiurban,Y,5833.0
LP001091,Male,Yes,1,Graduate,,201.0,360.0,,Urban,N,7535.0
LP001095,Male,No,0,Graduate,No,74.0,360.0,1.0,Urban,N,3167.0
LP001097,Male,No,1,Graduate,Yes,106.0,360.0,1.0,Rural,N,4692.0
LP001098,Male,Yes,0,Graduate,No,114.0,360.0,1.0,Semiurban,Y,5167.0
LP001100,Male,No,3,Graduate,No,320.0,360.0,1.0,Rural,N,15500.0
LP001106,Male,Yes,0,Graduate,No,,360.0,1.0,Urban,Y,4342.0
LP001109,Male,Yes,0,Graduate,No,100.0,,0.0,Urban,N,3158.0
LP001112,Female,Yes,0,Graduate,No,144.0,360.0,1.0,Semiurban,Y,5126.0
LP001114,Male,No,0,Graduate,No,184.0,360.0,1.0,Urban,Y,11376.0
LP001116,Male,No,0,Not Graduate,No,110.0,360.0,1.0,Semiurban,Y,5416.0
LP001119,Male,No,0,Graduate,No,80.0,360.0,1.0,Urban,N,3600.0
LP001120,Male,No,0,Graduate,No,47.0,360.0,1.0,Urban,Y,3013.0
LP001123,Male,Yes,0,Graduate,No,75.0,360.0,,Urban,Y,2400.0
LP001131,Male,Yes,0,Graduate,No,134.0,360.0,1.0,Semiurban,Y,6277.0
LP001136,Male,Yes,0,Not Graduate,Yes,96.0,,1.0,Urban,Y,4695.0
LP001137,Female,No,0,Graduate,No,88.0,,1.0,Urban,Y,3410.0
LP001138,Male,Yes,1,Graduate,No,44.0,360.0,1.0,Urban,Y,5649.0
LP001144,Male,Yes,0,Graduate,No,144.0,360.0,1.0,Urban,Y,5821.0
LP001146,Female,Yes,0,Graduate,No,120.0,360.0,0.0,Urban,N,6085.0
LP001151,Female,No,0,Graduate,No,144.0,360.0,1.0,Semiurban,Y,6275.0
LP001155,Female,Yes,0,Not Graduate,No,100.0,360.0,1.0,Semiurban,Y,3572.0
LP001157,Female,No,0,Graduate,No,120.0,360.0,1.0,Semiurban,Y,3086.0
LP001164,Female,No,0,Graduate,No,112.0,360.0,1.0,Semiurban,N,4230.0
LP001179,Male,Yes,2,Graduate,No,134.0,360.0,1.0,Urban,N,4616.0
LP001186,Female,Yes,1,Graduate,Yes,286.0,360.0,0.0,Urban,N,11500.0
LP001194,Male,Yes,2,Graduate,No,97.0,360.0,1.0,Semiurban,Y,3875.0
LP001195,Male,Yes,0,Graduate,No,96.0,360.0,1.0,Semiurban,Y,3723.0
LP001197,Male,Yes,0,Graduate,No,135.0,360.0,1.0,Rural,N,5566.0
LP001198,Male,Yes,1,Graduate,No,180.0,360.0,1.0,Urban,Y,10330.0
LP001199,Male,Yes,2,Not Graduate,No,144.0,360.0,1.0,Urban,Y,6216.0
LP001205,Male,Yes,0,Graduate,No,120.0,360.0,1.0,Urban,Y,6296.0
LP001206,Male,Yes,3,Graduate,No,99.0,360.0,1.0,Urban,Y,3029.0
LP001207,Male,Yes,0,Not Graduate,Yes,165.0,180.0,0.0,Rural,N,6058.0
LP001213,Male,Yes,1,Graduate,No,,360.0,0.0,Rural,N,4945.0
LP001222,Female,No,0,Graduate,No,116.0,360.0,0.0,Semiurban,N,4166.0
LP001225,Male,Yes,0,Graduate,No,258.0,360.0,1.0,Semiurban,N,10321.0
LP001228,Male,No,0,Not Graduate,No,126.0,180.0,0.0,Urban,N,5454.0
LP001233,Male,Yes,1,Graduate,No,312.0,360.0,1.0,Urban,Y,10750.0
LP001238,Male,Yes,3,Not Graduate,Yes,125.0,60.0,1.0,Urban,Y,7100.0
LP001241,Female,No,0,Graduate,No,136.0,360.0,0.0,Semiurban,N,4300.0
LP001243,Male,Yes,0,Graduate,No,172.0,360.0,1.0,Urban,Y,6274.0
LP001245,Male,Yes,2,Not Graduate,Yes,97.0,360.0,1.0,Semiurban,Y,3750.0
LP001248,Male,No,0,Graduate,No,81.0,300.0,1.0,Semiurban,Y,3500.0
LP001250,Male,Yes,3,Not Graduate,No,95.0,,0.0,Semiurban,N,4755.0
LP001253,Male,Yes,3,Graduate,Yes,187.0,360.0,1.0,Semiurban,Y,7040.0
LP001255,Male,No,0,Graduate,No,113.0,480.0,1.0,Urban,N,3750.0
LP001256,Male,No,0,Graduate,No,176.0,360.0,1.0,Urban,N,8500.0
LP001259,Male,Yes,1,Graduate,Yes,110.0,360.0,1.0,Urban,N,4022.0
LP001263,Male,Yes,3,Graduate,No,180.0,300.0,0.0,Semiurban,N,7167.0
LP001264,Male,Yes,3,Not Graduate,Yes,130.0,360.0,,Semiurban,Y,5499.0
LP001265,Female,No,0,Graduate,No,111.0,360.0,1.0,Semiurban,Y,3846.0
LP001266,Male,Yes,1,Graduate,Yes,,360.0,1.0,Semiurban,Y,2395.0
LP001267,Female,Yes,2,Graduate,No,167.0,360.0,1.0,Urban,N,3259.0
LP001273,Male,Yes,0,Graduate,No,265.0,360.0,,Semiurban,N,8250.0
LP001275,Male,Yes,1,Graduate,No,50.0,240.0,1.0,Urban,Y,3988.0
LP001279,Male,No,0,Graduate,No,136.0,360.0,1.0,Semiurban,Y,4897.0
LP001280,Male,Yes,2,Not Graduate,No,99.0,360.0,,Semiurban,Y,5333.0
LP001282,Male,Yes,0,Graduate,No,104.0,360.0,1.0,Semiurban,Y,4618.0
LP001289,Male,No,0,Graduate,No,210.0,360.0,1.0,Urban,Y,8566.0
LP001310,Male,Yes,0,Graduate,No,175.0,360.0,1.0,Semiurban,Y,9862.0
LP001316,Male,Yes,0,Graduate,No,131.0,360.0,1.0,Semiurban,Y,5858.0
LP001318,Male,Yes,2,Graduate,No,188.0,180.0,1.0,Semiurban,Y,11904.0
LP001319,Male,Yes,2,Not Graduate,No,81.0,360.0,1.0,Urban,Y,5093.0
LP001322,Male,No,0,Graduate,No,122.0,360.0,1.0,Semiurban,Y,4133.0
LP001325,Male,No,0,Not Graduate,No,25.0,120.0,1.0,Semiurban,Y,3620.0
LP001326,Male,No,0,Graduate,,,360.0,,Urban,N,6782.0
LP001327,Female,Yes,0,Graduate,No,137.0,360.0,1.0,Semiurban,Y,4786.0
LP001333,Male,Yes,0,Graduate,No,50.0,360.0,1.0,Semiurban,Y,2974.0
LP001334,Male,Yes,0,Not Graduate,No,115.0,180.0,1.0,Semiurban,Y,4188.0
LP001343,Male,Yes,0,Graduate,No,131.0,360.0,1.0,Semiurban,Y,5300.0
LP001345,Male,Yes,2,Not Graduate,No,133.0,180.0,1.0,Urban,Y,7551.0
LP001349,Male,No,0,Graduate,No,151.0,360.0,1.0,Semiurban,Y,8649.0
LP001350,Male,Yes,,Graduate,No,,360.0,1.0,Urban,Y,13650.0
LP001356,Male,Yes,0,Graduate,No,,360.0,1.0,Semiurban,Y,8235.0
LP001357,Male,,,Graduate,No,160.0,360.0,1.0,Urban,Y,4570.0
LP001367,Male,Yes,1,Graduate,No,100.0,360.0,1.0,Urban,Y,4082.0
LP001369,Male,Yes,2,Graduate,No,225.0,360.0,1.0,Urban,Y,12543.0
LP001370,Male,No,0,Not Graduate,,120.0,360.0,1.0,Rural,N,7333.0
LP001379,Male,Yes,2,Graduate,No,216.0,360.0,0.0,Urban,N,7400.0
LP001384,Male,Yes,3,Not Graduate,No,94.0,480.0,1.0,Semiurban,Y,2825.0
LP001385,Male,No,0,Graduate,No,136.0,360.0,1.0,Urban,Y,5316.0
LP001387,Female,Yes,0,Graduate,,139.0,360.0,1.0,Semiurban,Y,5262.0
LP001391,Male,Yes,0,Not Graduate,No,152.0,,0.0,Rural,N,7686.0
LP001392,Female,No,1,Graduate,Yes,,360.0,1.0,Semiurban,Y,7451.0
LP001398,Male,No,0,Graduate,,118.0,360.0,1.0,Semiurban,Y,5050.0
LP001401,Male,Yes,1,Graduate,No,185.0,180.0,1.0,Rural,Y,14583.0
LP001404,Female,Yes,0,Graduate,No,154.0,360.0,1.0,Semiurban,Y,5450.0
LP001405,Male,Yes,1,Graduate,No,85.0,360.0,,Urban,Y,3612.0
LP001421,Male,Yes,0,Graduate,No,175.0,360.0,1.0,Rural,N,7710.0
LP001422,Female,No,0,Graduate,No,259.0,360.0,1.0,Urban,Y,10408.0
LP001426,Male,Yes,,Graduate,No,180.0,360.0,1.0,Rural,Y,8334.0
LP001430,Female,No,0,Graduate,No,44.0,360.0,1.0,Semiurban,Y,4166.0
LP001431,Female,No,0,Graduate,No,137.0,360.0,0.0,Semiurban,Y,11117.0
LP001432,Male,Yes,2,Graduate,No,81.0,360.0,1.0,Semiurban,Y,2957.0
LP001439,Male,Yes,0,Not Graduate,No,194.0,360.0,1.0,Rural,Y,6314.0
LP001443,Female,No,0,Graduate,No,93.0,360.0,,Rural,Y,3692.0
LP001448,,Yes,3,Graduate,No,370.0,360.0,1.0,Rural,Y,23803.0
LP001449,Male,No,0,Graduate,No,,360.0,1.0,Rural,Y,5505.0
LP001451,Male,Yes,1,Graduate,Yes,160.0,180.0,0.0,Urban,N,14363.0
LP001465,Male,Yes,0,Graduate,No,182.0,360.0,,Rural,N,8649.0
LP001469,Male,No,0,Graduate,Yes,650.0,480.0,,Urban,Y,20166.0
LP001473,Male,No,0,Graduate,No,74.0,360.0,1.0,Urban,Y,3943.0
LP001478,Male,No,0,Graduate,No,70.0,360.0,1.0,Semiurban,Y,2718.0
LP001482,Male,Yes,0,Graduate,Yes,25.0,120.0,1.0,Semiurban,Y,3459.0
LP001487,Male,No,0,Graduate,No,102.0,360.0,1.0,Semiurban,Y,4895.0
LP001488,Male,Yes,3,Graduate,No,290.0,360.0,1.0,Semiurban,N,11750.0
LP001489,Female,Yes,0,Graduate,No,84.0,360.0,1.0,Rural,N,4583.0
LP001491,Male,Yes,2,Graduate,Yes,88.0,360.0,1.0,Urban,Y,6816.0
LP001492,Male,No,0,Graduate,No,242.0,360.0,0.0,Semiurban,N,14999.0
LP001493,Male,Yes,2,Not Graduate,No,129.0,360.0,1.0,Rural,N,5630.0
LP001497,Male,Yes,2,Graduate,No,185.0,360.0,1.0,Rural,N,7125.0
LP001498,Male,No,0,Graduate,No,168.0,360.0,1.0,Urban,Y,5417.0
LP001504,Male,No,0,Graduate,Yes,175.0,180.0,1.0,Semiurban,Y,6950.0
LP001507,Male,Yes,0,Graduate,No,122.0,360.0,1.0,Semiurban,Y,4732.0
LP001508,Male,Yes,2,Graduate,No,187.0,180.0,1.0,Urban,Y,11757.0
LP001514,Female,Yes,0,Graduate,No,100.0,360.0,1.0,Semiurban,Y,6816.0
LP001516,Female,Yes,2,Graduate,No,70.0,360.0,1.0,Urban,Y,14866.0
LP001518,Male,Yes,1,Graduate,No,30.0,360.0,1.0,Urban,Y,2963.0
LP001519,Female,No,0,Graduate,No,225.0,360.0,1.0,Rural,N,11666.0
LP001520,Male,Yes,0,Graduate,No,125.0,360.0,1.0,Semiurban,Y,5690.0
LP001528,Male,No,0,Graduate,No,118.0,360.0,0.0,Rural,N,6277.0
LP001529,Male,Yes,0,Graduate,Yes,152.0,360.0,1.0,Rural,Y,6327.0
LP001531,Male,No,0,Graduate,No,244.0,360.0,1.0,Urban,N,9166.0
LP001532,Male,Yes,2,Not Graduate,No,113.0,360.0,1.0,Rural,N,2281.0
LP001535,Male,No,0,Graduate,No,50.0,360.0,1.0,Urban,Y,3254.0
LP001536,Male,Yes,3,Graduate,No,600.0,180.0,0.0,Semiurban,Y,39999.0
LP001541,Male,Yes,1,Graduate,No,160.0,360.0,,Rural,Y,6000.0
LP001543,Male,Yes,1,Graduate,No,187.0,360.0,1.0,Urban,Y,9538.0
LP001546,Male,No,0,Graduate,,120.0,360.0,1.0,Rural,Y,5063.0
LP001552,Male,Yes,0,Graduate,No,255.0,360.0,1.0,Semiurban,Y,10208.0
LP001560,Male,Yes,0,Not Graduate,No,98.0,360.0,1.0,Semiurban,Y,2904.0
LP001562,Male,Yes,0,Graduate,No,275.0,360.0,1.0,Urban,N,7933.0
LP001565,Male,Yes,1,Graduate,No,121.0,360.0,0.0,Semiurban,N,4369.0
LP001570,Male,Yes,2,Graduate,No,158.0,360.0,1.0,Rural,Y,5614.0
LP001572,Male,Yes,0,Graduate,No,75.0,180.0,1.0,Urban,Y,9323.0
LP001574,Male,Yes,0,Graduate,No,182.0,,1.0,Rural,Y,6873.0
LP001577,Female,Yes,0,Graduate,No,112.0,360.0,1.0,Rural,N,4583.0
LP001578,Male,Yes,0,Graduate,No,129.0,360.0,1.0,Rural,Y,5772.0
LP001579,Male,No,0,Graduate,No,63.0,480.0,0.0,Semiurban,N,2237.0
LP001580,Male,Yes,2,Graduate,No,200.0,360.0,1.0,Semiurban,Y,8000.0
LP001581,Male,Yes,0,Not Graduate,,95.0,360.0,1.0,Rural,Y,3589.0
LP001585,,Yes,3,Graduate,No,700.0,300.0,1.0,Urban,Y,51763.0
LP001586,Male,Yes,3,Not Graduate,No,81.0,180.0,1.0,Rural,N,3522.0
LP001594,Male,Yes,0,Graduate,No,187.0,360.0,1.0,Semiurban,Y,11333.0
LP001603,Male,Yes,0,Not Graduate,Yes,87.0,360.0,1.0,Semiurban,N,5080.0
LP001606,Male,Yes,0,Graduate,No,116.0,360.0,1.0,Rural,Y,5461.0
LP001608,Male,Yes,2,Graduate,No,101.0,360.0,1.0,Rural,Y,3664.0
LP001610,Male,Yes,3,Graduate,No,495.0,360.0,0.0,Semiurban,N,16816.0
LP001616,Male,Yes,1,Graduate,No,116.0,360.0,1.0,Semiurban,Y,3750.0
LP001630,Male,No,0,Not Graduate,No,102.0,480.0,0.0,Urban,N,3784.0
LP001633,Male,Yes,1,Graduate,No,180.0,360.0,0.0,Urban,N,13650.0
LP001634,Male,No,0,Graduate,No,67.0,360.0,,Rural,N,6979.0
LP001636,Male,Yes,0,Graduate,No,73.0,180.0,1.0,Semiurban,Y,4600.0
LP001637,Male,Yes,1,Graduate,No,260.0,360.0,1.0,Semiurban,N,33846.0
LP001639,Female,Yes,0,Graduate,No,108.0,360.0,1.0,Semiurban,Y,3625.0
LP001640,Male,Yes,0,Graduate,Yes,120.0,360.0,1.0,Semiurban,Y,43897.0
LP001641,Male,Yes,1,Graduate,Yes,66.0,300.0,0.0,Rural,N,2178.0
LP001643,Male,Yes,0,Graduate,No,58.0,360.0,,Rural,Y,4521.0
LP001644,,Yes,0,Graduate,Yes,168.0,360.0,1.0,Rural,Y,5970.0
LP001647,Male,Yes,0,Graduate,No,188.0,180.0,1.0,Rural,Y,9328.0
LP001653,Male,No,0,Not Graduate,No,48.0,360.0,1.0,Rural,Y,4885.0
LP001656,Male,No,0,Graduate,No,164.0,360.0,1.0,Semiurban,N,12000.0
LP001657,Male,Yes,0,Not Graduate,No,160.0,360.0,1.0,Urban,N,6033.0
LP001658,Male,No,0,Graduate,No,76.0,360.0,1.0,Semiurban,Y,3858.0
LP001664,Male,No,0,Graduate,No,120.0,360.0,1.0,Rural,Y,4191.0
LP001665,Male,Yes,1,Graduate,No,170.0,360.0,1.0,Semiurban,N,5708.0
LP001666,Male,No,0,Graduate,No,187.0,360.0,1.0,Rural,Y,12083.0
LP001669,Female,No,0,Not Graduate,No,120.0,,1.0,Urban,Y,4272.0
LP001671,Female,Yes,0,Graduate,No,113.0,360.0,,Semiurban,Y,6232.0
LP001673,Male,No,0,Graduate,Yes,83.0,360.0,1.0,Urban,N,11000.0
LP001674,Male,Yes,1,Not Graduate,No,90.0,360.0,1.0,Semiurban,Y,5100.0
LP001677,Male,No,2,Graduate,No,166.0,360.0,0.0,Semiurban,Y,4923.0
LP001682,Male,Yes,3,Not Graduate,No,,180.0,1.0,Urban,N,3992.0
LP001688,Male,Yes,1,Not Graduate,No,135.0,360.0,1.0,Urban,Y,4583.0
LP001691,Male,Yes,2,Not Graduate,No,124.0,360.0,1.0,Semiurban,Y,3917.0
LP001692,Female,No,0,Not Graduate,No,120.0,360.0,1.0,Semiurban,Y,4408.0
LP001693,Female,No,0,Graduate,No,80.0,360.0,1.0,Urban,Y,3244.0
LP001698,Male,No,0,Not Graduate,No,55.0,360.0,1.0,Rural,Y,6506.0
LP001699,Male,No,0,Graduate,No,59.0,360.0,1.0,Urban,Y,2479.0
LP001702,Male,No,0,Graduate,No,127.0,360.0,1.0,Semiurban,N,3418.0
LP001708,Female,No,0,Graduate,No,214.0,360.0,1.0,Semiurban,N,10000.0
LP001711,Male,Yes,3,Graduate,No,128.0,360.0,0.0,Semiurban,N,4680.0
LP001713,Male,Yes,1,Graduate,Yes,240.0,360.0,1.0,Urban,Y,7787.0
LP001715,Male,Yes,3,Not Graduate,Yes,130.0,360.0,1.0,Rural,Y,5703.0
LP001716,Male,Yes,0,Graduate,No,137.0,360.0,1.0,Urban,Y,6194.0
LP001720,Male,Yes,3,Not Graduate,No,100.0,360.0,1.0,Semiurban,Y,4833.0
LP001722,Male,Yes,0,Graduate,No,135.0,360.0,1.0,Rural,N,1950.0
LP001726,Male,Yes,0,Graduate,No,131.0,360.0,1.0,Semiurban,Y,5502.0
LP001732,Male,Yes,2,Graduate,,72.0,360.0,0.0,Semiurban,N,5000.0
LP001734,Female,Yes,2,Graduate,No,127.0,360.0,,Semiurban,Y,6666.0
LP001736,Male,Yes,0,Graduate,No,60.0,360.0,0.0,Urban,N,2221.0
LP001743,Male,Yes,2,Graduate,No,116.0,360.0,1.0,Semiurban,Y,5726.0
LP001744,Male,No,0,Graduate,No,144.0,360.0,1.0,Semiurban,Y,5762.0
LP001749,Male,Yes,0,Graduate,No,175.0,,1.0,Semiurban,Y,8588.0
LP001750,Male,Yes,0,Graduate,No,128.0,360.0,1.0,Semiurban,Y,6250.0
LP001751,Male,Yes,0,Graduate,No,170.0,360.0,1.0,Rural,N,3250.0
LP001754,Male,Yes,,Not Graduate,Yes,138.0,360.0,1.0,Urban,N,4735.0
LP001758,Male,Yes,2,Graduate,No,210.0,360.0,1.0,Semiurban,Y,7945.0
LP001760,Male,,,Graduate,No,158.0,480.0,1.0,Semiurban,Y,4758.0
LP001761,Male,No,0,Graduate,Yes,200.0,360.0,1.0,Rural,Y,6400.0
LP001765,Male,Yes,1,Graduate,No,104.0,360.0,1.0,Semiurban,Y,4545.0
LP001768,Male,Yes,0,Graduate,,42.0,180.0,1.0,Rural,Y,3716.0
LP001770,Male,No,0,Not Graduate,No,120.0,,1.0,Rural,Y,5787.0
LP001776,Female,No,0,Graduate,No,280.0,360.0,1.0,Semiurban,Y,8333.0
LP001778,Male,Yes,1,Graduate,No,140.0,360.0,1.0,Semiurban,Y,4934.0
LP001784,Male,Yes,1,Graduate,No,170.0,360.0,1.0,Rural,Y,6760.0
LP001786,Male,Yes,0,Graduate,,255.0,360.0,,Urban,N,5746.0
LP001788,Female,No,0,Graduate,Yes,122.0,360.0,,Urban,Y,3463.0
LP001790,Female,No,1,Graduate,No,112.0,360.0,1.0,Rural,Y,3812.0
LP001792,Male,Yes,1,Graduate,No,96.0,360.0,1.0,Semiurban,Y,3315.0
LP001798,Male,Yes,2,Graduate,No,120.0,360.0,1.0,Rural,Y,10819.0
LP001800,Male,Yes,1,Not Graduate,No,140.0,180.0,1.0,Urban,N,4493.0
LP001806,Male,No,0,Graduate,No,155.0,60.0,1.0,Urban,Y,8666.0
LP001807,Male,Yes,2,Graduate,Yes,108.0,360.0,1.0,Rural,Y,7550.0
LP001811,Male,Yes,0,Not Graduate,No,123.0,360.0,1.0,Semiurban,Y,7823.0
LP001813,Male,No,0,Graduate,Yes,120.0,180.0,1.0,Urban,N,10383.0
LP001814,Male,Yes,2,Graduate,No,112.0,360.0,1.0,Urban,Y,9703.0
LP001819,Male,Yes,1,Not Graduate,No,137.0,180.0,1.0,Urban,Y,6608.0
LP001824,Male,Yes,1,Graduate,No,123.0,480.0,1.0,Semiurban,Y,4725.0
LP001825,Male,Yes,0,Graduate,No,90.0,360.0,1.0,Urban,Y,3677.0
LP001835,Male,Yes,0,Not Graduate,No,201.0,360.0,0.0,Semiurban,N,5558.0
LP001836,Female,No,2,Graduate,No,138.0,360.0,1.0,Urban,N,3427.0
LP001841,Male,No,0,Not Graduate,Yes,104.0,360.0,1.0,Rural,Y,4750.0
LP001843,Male,Yes,1,Not Graduate,No,279.0,180.0,1.0,Semiurban,Y,9762.0
LP001844,Male,No,0,Graduate,Yes,192.0,360.0,0.0,Urban,N,16250.0
LP001846,Female,No,3,Graduate,No,255.0,360.0,1.0,Rural,Y,3083.0
LP001849,Male,No,0,Not Graduate,No,115.0,360.0,0.0,Rural,N,6045.0
LP001854,Male,Yes,3,Graduate,No,94.0,360.0,1.0,Urban,N,5250.0
LP001859,Male,Yes,0,Graduate,No,304.0,360.0,1.0,Rural,N,16783.0
LP001864,Male,Yes,3,Not Graduate,No,128.0,360.0,,Semiurban,N,4931.0
LP001865,Male,Yes,1,Graduate,No,330.0,360.0,,Urban,Y,10333.0
LP001868,Male,No,0,Graduate,No,134.0,360.0,1.0,Semiurban,Y,4269.0
LP001870,Female,No,1,Graduate,No,155.0,36.0,1.0,Semiurban,N,3481.0
LP001871,Female,No,0,Graduate,No,120.0,360.0,1.0,Rural,Y,7200.0
LP001872,Male,No,0,Graduate,Yes,128.0,360.0,1.0,Semiurban,Y,5166.0
LP001875,Male,No,0,Graduate,No,151.0,360.0,1.0,Rural,Y,7542.0
LP001877,Male,Yes,2,Graduate,No,150.0,360.0,1.0,Semiurban,Y,6095.0
LP001882,Male,Yes,3,Graduate,No,160.0,360.0,0.0,Urban,Y,6144.0
LP001883,Female,No,0,Graduate,,135.0,360.0,1.0,Rural,N,3418.0
LP001884,Female,No,1,Graduate,No,90.0,360.0,1.0,Urban,Y,4436.0
LP001888,Female,No,0,Graduate,No,30.0,360.0,1.0,Urban,Y,3237.0
LP001891,Male,Yes,0,Graduate,No,136.0,360.0,1.0,Urban,Y,11146.0
LP001892,Male,No,0,Graduate,No,126.0,360.0,1.0,Rural,Y,4690.0
LP001894,Male,Yes,0,Graduate,No,150.0,360.0,1.0,Semiurban,Y,4843.0
LP001896,Male,Yes,2,Graduate,No,90.0,360.0,1.0,Semiurban,Y,3900.0
LP001900,Male,Yes,1,Graduate,No,115.0,360.0,1.0,Semiurban,Y,4592.0
LP001903,Male,Yes,0,Graduate,No,207.0,360.0,1.0,Semiurban,Y,7267.0
LP001904,Male,Yes,0,Graduate,No,80.0,360.0,1.0,Urban,Y,4403.0
LP001907,Male,Yes,0,Graduate,No,436.0,360.0,1.0,Semiurban,Y,14583.0
LP001908,Female,Yes,0,Not Graduate,No,124.0,360.0,,Rural,Y,4100.0
LP001910,Male,No,1,Not Graduate,Yes,158.0,360.0,0.0,Urban,N,6479.0
LP001914,Male,Yes,0,Graduate,No,112.0,360.0,1.0,Semiurban,Y,4727.0
LP001915,Male,Yes,2,Graduate,No,78.0,180.0,1.0,Urban,Y,3286.7999878
LP001917,Female,No,0,Graduate,No,54.0,360.0,1.0,Urban,Y,3477.0
LP001922,Male,Yes,0,Graduate,No,,360.0,1.0,Rural,N,20667.0
LP001924,Male,No,0,Graduate,No,89.0,360.0,1.0,Rural,Y,6211.0
LP001925,Female,No,0,Graduate,Yes,99.0,300.0,1.0,Semiurban,N,4317.0
LP001926,Male,Yes,0,Graduate,No,120.0,360.0,1.0,Rural,Y,5704.0
LP001931,Female,No,0,Graduate,No,115.0,360.0,1.0,Semiurban,Y,4124.0
LP001935,Male,No,0,Graduate,No,187.0,360.0,1.0,Rural,Y,9508.0
LP001936,Male,Yes,0,Graduate,No,139.0,360.0,1.0,Rural,Y,5491.0
LP001938,Male,Yes,2,Graduate,No,127.0,360.0,0.0,Semiurban,N,4400.0
LP001940,Male,Yes,2,Graduate,No,134.0,360.0,1.0,Urban,Y,4713.0
LP001945,Female,No,,Graduate,No,143.0,480.0,0.0,Urban,N,5417.0
LP001947,Male,Yes,0,Graduate,No,172.0,360.0,1.0,Semiurban,Y,5717.0
LP001949,Male,Yes,3,Graduate,,110.0,360.0,1.0,Urban,Y,5666.0
LP001953,Male,Yes,1,Graduate,No,200.0,360.0,1.0,Semiurban,Y,6875.0
LP001954,Female,Yes,1,Graduate,No,135.0,360.0,1.0,Urban,Y,4666.0
LP001955,Female,No,0,Graduate,No,151.0,480.0,1.0,Rural,N,7541.0
LP001963,Male,Yes,1,Graduate,No,113.0,360.0,1.0,Urban,N,4939.0
LP001964,Male,Yes,0,Not Graduate,No,93.0,360.0,0.0,Urban,N,4734.0
LP001972,Male,Yes,,Not Graduate,No,105.0,360.0,1.0,Semiurban,Y,4625.0
LP001974,Female,No,0,Graduate,No,132.0,360.0,1.0,Rural,Y,5000.0
LP001977,Male,Yes,1,Graduate,No,96.0,360.0,1.0,Urban,Y,3428.0
LP001978,Male,No,0,Graduate,No,140.0,360.0,1.0,Rural,Y,6500.0
LP001990,Male,No,0,Not Graduate,No,,360.0,1.0,Urban,N,2000.0
LP001993,Female,No,0,Graduate,No,135.0,360.0,1.0,Rural,Y,5428.0
LP001994,Female,No,0,Graduate,No,104.0,360.0,0.0,Urban,N,4263.0
LP001996,Male,No,0,Graduate,No,480.0,360.0,1.0,Rural,N,20233.0
LP001998,Male,Yes,2,Not Graduate,No,185.0,360.0,,Rural,Y,7667.0
LP002002,Female,No,0,Graduate,No,84.0,360.0,1.0,Semiurban,Y,2917.0
LP002004,Male,No,0,Not Graduate,No,111.0,360.0,1.0,Semiurban,Y,5332.0
LP002006,Female,No,0,Graduate,No,56.0,360.0,1.0,Rural,Y,2507.0
LP002008,Male,Yes,2,Graduate,Yes,144.0,84.0,,Rural,Y,5746.0
LP002024,,Yes,0,Graduate,No,159.0,360.0,1.0,Rural,N,4316.0
LP002031,Male,Yes,1,Not Graduate,No,111.0,180.0,1.0,Urban,Y,5039.0
LP002035,Male,Yes,2,Graduate,No,120.0,360.0,1.0,Semiurban,Y,3717.0
LP002036,Male,Yes,0,Graduate,No,88.0,360.0,,Urban,Y,4192.0
LP002043,Female,No,1,Graduate,No,112.0,360.0,,Semiurban,Y,3541.0
LP002050,Male,Yes,1,Graduate,Yes,155.0,360.0,1.0,Rural,N,10000.0
LP002051,Male,Yes,0,Graduate,No,115.0,360.0,1.0,Semiurban,Y,4567.0
LP002053,Male,Yes,3,Graduate,No,124.0,360.0,1.0,Semiurban,Y,4531.0
LP002054,Male,Yes,2,Not Graduate,No,,360.0,1.0,Rural,Y,5191.0
LP002055,Female,No,0,Graduate,No,132.0,360.0,,Rural,Y,6151.0
LP002065,Male,Yes,3,Graduate,No,300.0,360.0,1.0,Rural,Y,15000.0
LP002067,Male,Yes,1,Graduate,Yes,376.0,360.0,0.0,Rural,N,13649.0
LP002068,Male,No,0,Graduate,No,130.0,360.0,0.0,Rural,Y,4917.0
LP002082,Male,Yes,0,Graduate,Yes,184.0,360.0,1.0,Semiurban,Y,7978.0
LP002086,Female,Yes,0,Graduate,No,110.0,360.0,1.0,Urban,N,6784.0
LP002087,Female,No,0,Graduate,No,67.0,360.0,1.0,Urban,Y,2500.0
LP002097,Male,No,1,Graduate,No,117.0,360.0,1.0,Urban,Y,6177.0
LP002098,Male,No,0,Graduate,No,98.0,360.0,1.0,Semiurban,Y,2935.0
LP002100,Male,No,,Graduate,No,71.0,360.0,1.0,Urban,Y,2833.0
LP002101,Male,Yes,0,Graduate,,490.0,180.0,1.0,Urban,Y,63337.0
LP002103,,Yes,1,Graduate,Yes,182.0,180.0,1.0,Urban,Y,11666.0
LP002106,Male,Yes,,Graduate,Yes,70.0,,1.0,Semiurban,Y,9993.0
LP002110,Male,Yes,1,Graduate,,160.0,360.0,1.0,Rural,Y,5938.0
LP002112,Male,Yes,2,Graduate,Yes,176.0,360.0,1.0,Rural,Y,7100.0
LP002113,Female,No,3,Not Graduate,No,,360.0,0.0,Urban,N,1830.0
LP002114,Female,No,0,Graduate,No,71.0,360.0,1.0,Semiurban,Y,4160.0
LP002115,Male,Yes,3,Not Graduate,No,173.0,360.0,1.0,Rural,N,4234.0
LP002116,Female,No,0,Graduate,No,46.0,360.0,1.0,Rural,N,2378.0
LP002119,Male,Yes,1,Not Graduate,No,158.0,360.0,1.0,Urban,Y,5783.0
LP002126,Male,Yes,3,Not Graduate,No,74.0,360.0,1.0,Semiurban,Y,3173.0
LP002128,Male,Yes,2,Graduate,,125.0,360.0,1.0,Rural,Y,4913.0
LP002129,Male,Yes,0,Graduate,No,160.0,360.0,1.0,Semiurban,Y,4957.0
LP002130,Male,Yes,,Not Graduate,No,152.0,360.0,0.0,Rural,N,6753.0
LP002131,Male,Yes,2,Not Graduate,No,126.0,360.0,1.0,Urban,Y,5251.0
LP002137,Male,Yes,0,Graduate,No,259.0,360.0,,Semiurban,Y,10916.0
LP002138,Male,Yes,0,Graduate,No,187.0,360.0,1.0,Rural,Y,8875.0
LP002139,Male,Yes,0,Graduate,No,228.0,360.0,1.0,Semiurban,Y,9083.0
LP002140,Male,No,0,Graduate,No,308.0,360.0,1.0,Rural,N,12917.0
LP002141,Male,Yes,3,Graduate,No,95.0,360.0,1.0,Rural,Y,4749.0
LP002142,Female,Yes,0,Graduate,Yes,105.0,360.0,0.0,Rural,N,5500.0
LP002143,Female,Yes,0,Graduate,No,130.0,360.0,1.0,Semiurban,Y,2928.0
LP002144,Female,No,,Graduate,No,116.0,180.0,1.0,Urban,Y,3813.0
LP002149,Male,Yes,2,Graduate,No,165.0,360.0,1.0,Rural,Y,11500.0
LP002151,Male,Yes,1,Graduate,No,67.0,360.0,1.0,Urban,N,3875.0
LP002158,Male,Yes,0,Not Graduate,No,100.0,480.0,0.0,Urban,N,4666.0
LP002160,Male,Yes,3,Graduate,No,200.0,360.0,1.0,Semiurban,Y,8334.0
LP002161,Female,No,1,Graduate,No,81.0,360.0,1.0,Semiurban,N,4723.0
LP002170,Male,Yes,2,Graduate,No,236.0,360.0,1.0,Semiurban,Y,8667.0
LP002175,Male,Yes,0,Graduate,No,130.0,360.0,1.0,Urban,Y,7083.0
LP002178,Male,Yes,0,Graduate,No,95.0,300.0,,Urban,Y,6046.0
LP002180,Male,No,0,Graduate,Yes,141.0,360.0,1.0,Rural,Y,6822.0
LP002181,Male,No,0,Not Graduate,No,133.0,360.0,1.0,Rural,N,6216.0
LP002187,Male,No,0,Graduate,No,96.0,480.0,1.0,Semiurban,N,2500.0
LP002188,Male,No,0,Graduate,No,124.0,,0.0,Rural,N,5124.0
LP002190,Male,Yes,1,Graduate,No,175.0,360.0,1.0,Semiurban,Y,6325.0
LP002191,Male,Yes,0,Graduate,No,570.0,360.0,1.0,Rural,N,24996.0
LP002194,Female,No,0,Graduate,Yes,55.0,360.0,1.0,Semiurban,Y,15759.0
LP002197,Male,Yes,2,Graduate,No,155.0,360.0,1.0,Semiurban,Y,5185.0
LP002201,Male,Yes,2,Graduate,Yes,380.0,300.0,1.0,Rural,Y,17196.0
LP002205,Male,No,1,Graduate,No,111.0,180.0,0.0,Urban,N,5049.0
LP002209,Female,No,0,Graduate,,110.0,360.0,1.0,Urban,Y,4223.0
LP002211,Male,Yes,0,Graduate,No,120.0,180.0,1.0,Urban,Y,5740.0
LP002219,Male,Yes,3,Graduate,No,130.0,360.0,1.0,Rural,Y,13746.0
LP002223,Male,Yes,0,Graduate,No,130.0,360.0,,Semiurban,Y,4310.0
LP002224,Male,No,0,Graduate,No,71.0,480.0,1.0,Urban,N,3069.0
LP002225,Male,Yes,2,Graduate,No,130.0,360.0,1.0,Urban,Y,5391.0
LP002226,Male,Yes,0,Graduate,,128.0,360.0,1.0,Semiurban,Y,5833.0
LP002229,Male,No,0,Graduate,No,296.0,360.0,1.0,Semiurban,Y,10173.0
LP002231,Female,No,0,Graduate,No,156.0,360.0,1.0,Urban,Y,6000.0
LP002234,Male,No,0,Graduate,Yes,128.0,360.0,1.0,Urban,Y,7167.0
LP002236,Male,Yes,2,Graduate,No,100.0,360.0,1.0,Urban,N,4566.0
LP002237,Male,No,1,Graduate,,113.0,180.0,1.0,Urban,Y,3667.0
LP002239,Male,No,0,Not Graduate,No,132.0,360.0,1.0,Semiurban,Y,3946.0
LP002243,Male,Yes,0,Not Graduate,No,,360.0,0.0,Urban,N,6146.0
LP002244,Male,Yes,0,Graduate,No,136.0,360.0,1.0,Urban,Y,4750.0
LP002250,Male,Yes,0,Graduate,No,125.0,360.0,1.0,Rural,Y,5488.0
LP002255,Male,No,3,Graduate,No,185.0,360.0,1.0,Rural,Y,9167.0
LP002262,Male,Yes,3,Graduate,No,275.0,360.0,1.0,Rural,Y,9504.0
LP002263,Male,Yes,0,Graduate,No,120.0,360.0,,Urban,Y,4698.0
LP002265,Male,Yes,2,Not Graduate,No,113.0,180.0,1.0,Semiurban,Y,3618.0
LP002266,Male,Yes,2,Graduate,No,113.0,360.0,1.0,Urban,Y,4500.0
LP002272,Male,Yes,2,Graduate,No,135.0,360.0,,Semiurban,Y,3760.0
LP002277,Female,No,0,Graduate,No,71.0,360.0,0.0,Urban,N,3180.0
LP002281,Male,Yes,0,Graduate,No,95.0,360.0,1.0,Urban,Y,4492.0
LP002284,Male,No,0,Not Graduate,No,109.0,360.0,1.0,Rural,Y,5568.0
LP002287,Female,No,0,Graduate,No,103.0,360.0,0.0,Semiurban,N,3300.0
LP002288,Male,Yes,2,Not Graduate,No,45.0,180.0,0.0,Urban,N,2889.0
LP002296,Male,No,0,Not Graduate,No,65.0,300.0,1.0,Rural,N,2755.0
LP002297,Male,No,0,Graduate,No,103.0,360.0,1.0,Semiurban,Y,22500.0
LP002300,Female,No,0,Not Graduate,No,53.0,360.0,1.0,Semiurban,Y,1963.0
LP002301,Female,No,0,Graduate,Yes,194.0,360.0,1.0,Rural,N,7441.0
LP002305,Female,No,0,Graduate,No,115.0,360.0,1.0,Semiurban,Y,4547.0
LP002308,Male,Yes,0,Not Graduate,No,115.0,360.0,1.0,Urban,Y,4567.0
LP002314,Female,No,0,Not Graduate,No,66.0,360.0,1.0,Rural,Y,2213.0
LP002315,Male,Yes,1,Graduate,No,152.0,300.0,0.0,Semiurban,N,8300.0
LP002317,Male,Yes,3,Graduate,No,360.0,360.0,0.0,Rural,N,81000.0
LP002318,Female,No,1,Not Graduate,Yes,62.0,360.0,1.0,Semiurban,N,3867.0
LP002319,Male,Yes,0,Graduate,,160.0,360.0,,Urban,Y,6256.0
LP002328,Male,Yes,0,Not Graduate,No,218.0,360.0,0.0,Rural,N,6096.0
LP002332,Male,Yes,0,Not Graduate,No,110.0,360.0,1.0,Rural,Y,4286.0
LP002335,Female,Yes,0,Not Graduate,No,178.0,360.0,0.0,Semiurban,N,5386.0
LP002337,Female,No,0,Graduate,No,60.0,360.0,1.0,Urban,Y,2995.0
LP002341,Female,No,1,Graduate,No,160.0,360.0,1.0,Urban,N,2600.0
LP002342,Male,Yes,2,Graduate,Yes,239.0,360.0,1.0,Urban,N,21600.0
LP002345,Male,Yes,0,Graduate,No,112.0,360.0,1.0,Rural,Y,3798.0
LP002347,Male,Yes,0,Graduate,No,138.0,360.0,1.0,Semiurban,Y,4663.0
LP002348,Male,Yes,0,Graduate,No,138.0,360.0,1.0,Rural,Y,5829.0
LP002357,Female,No,0,Not Graduate,No,80.0,,0.0,Urban,N,2720.0
LP002361,Male,Yes,0,Graduate,No,100.0,360.0,1.0,Urban,Y,3539.0
LP002362,Male,Yes,1,Graduate,No,110.0,,0.0,Urban,N,8917.0
LP002364,Male,Yes,0,Graduate,No,96.0,360.0,1.0,Semiurban,Y,14880.0
LP002366,Male,Yes,0,Graduate,No,121.0,360.0,1.0,Rural,Y,6966.0
LP002367,Female,No,1,Not Graduate,No,81.0,360.0,1.0,Rural,N,4606.0
LP002368,Male,Yes,2,Graduate,No,133.0,360.0,1.0,Semiurban,Y,5935.0
LP002369,Male,Yes,0,Graduate,No,87.0,360.0,1.0,Rural,Y,2936.12000084
LP002370,Male,No,0,Not Graduate,No,60.0,180.0,1.0,Urban,Y,2717.0
LP002377,Female,No,1,Graduate,Yes,150.0,360.0,1.0,Semiurban,Y,8624.0
LP002379,Male,No,0,Graduate,No,105.0,360.0,0.0,Rural,N,6500.0
LP002386,Male,No,0,Graduate,,405.0,360.0,1.0,Semiurban,Y,12876.0
LP002387,Male,Yes,0,Graduate,No,143.0,360.0,1.0,Semiurban,Y,4765.0
LP002390,Male,No,0,Graduate,No,100.0,360.0,1.0,Urban,Y,3750.0
LP002393,Female,,,Graduate,No,,240.0,1.0,Semiurban,Y,10047.0
LP002398,Male,No,0,Graduate,No,50.0,360.0,1.0,Semiurban,Y,3777.0
LP002401,Male,Yes,0,Graduate,No,,360.0,1.0,Urban,Y,3338.0
LP002403,Male,No,0,Graduate,Yes,187.0,360.0,0.0,Urban,N,10416.0
LP002407,Female,Yes,0,Not Graduate,Yes,138.0,360.0,1.0,Rural,Y,7142.0
LP002408,Male,No,0,Graduate,No,187.0,360.0,1.0,Semiurban,Y,8724.0
LP002409,Male,Yes,0,Graduate,No,180.0,360.0,1.0,Rural,Y,9734.0
LP002418,Male,No,3,Not Graduate,No,148.0,360.0,1.0,Semiurban,Y,6700.0
LP002422,Male,No,1,Graduate,No,152.0,360.0,1.0,Semiurban,Y,37719.0
LP002424,Male,Yes,0,Graduate,No,175.0,300.0,,Rural,Y,15666.0
LP002429,Male,Yes,1,Graduate,Yes,130.0,360.0,1.0,Rural,Y,4676.0
LP002434,Male,Yes,2,Not Graduate,No,110.0,360.0,1.0,Rural,Y,4652.0
LP002435,Male,Yes,0,Graduate,,55.0,360.0,1.0,Rural,N,4915.0
LP002443,Male,Yes,2,Graduate,No,150.0,360.0,0.0,Rural,N,5050.0
LP002444,Male,No,1,Not Graduate,Yes,190.0,360.0,,Semiurban,N,4311.0
LP002446,Male,Yes,2,Not Graduate,No,125.0,360.0,0.0,Rural,N,3564.0
LP002447,Male,Yes,2,Not Graduate,No,60.0,300.0,,Urban,Y,3414.0
LP002448,Male,Yes,0,Graduate,No,149.0,360.0,0.0,Rural,N,5681.0
LP002449,Male,Yes,0,Graduate,No,90.0,180.0,0.0,Rural,Y,4949.0
LP002453,Male,No,0,Graduate,Yes,84.0,360.0,1.0,Semiurban,Y,7085.0
LP002455,Male,Yes,2,Graduate,No,96.0,360.0,1.0,Semiurban,Y,3859.0
LP002459,Male,Yes,0,Graduate,No,118.0,360.0,1.0,Urban,Y,4301.0
LP002467,Male,Yes,0,Graduate,No,173.0,360.0,1.0,Urban,N,6277.0
LP002472,Male,No,2,Graduate,No,136.0,360.0,1.0,Rural,Y,4354.0
LP002473,Male,Yes,0,Graduate,No,160.0,360.0,1.0,Semiurban,N,8334.0
LP002478,,Yes,0,Graduate,Yes,160.0,360.0,,Semiurban,Y,6166.0
LP002484,Male,Yes,3,Graduate,No,128.0,180.0,1.0,Urban,Y,7740.0
LP002487,Male,Yes,0,Graduate,No,153.0,360.0,1.0,Rural,Y,5203.0
LP002489,Female,No,1,Not Graduate,,132.0,360.0,1.0,Semiurban,Y,5191.0
LP002493,Male,No,0,Graduate,No,98.0,360.0,0.0,Semiurban,N,4166.0
LP002494,Male,No,0,Graduate,No,140.0,360.0,1.0,Rural,Y,6000.0
LP002500,Male,Yes,3,Not Graduate,No,70.0,180.0,0.0,Urban,N,4611.0
LP002501,,Yes,0,Graduate,No,110.0,360.0,1.0,Semiurban,Y,16692.0
LP002502,Female,Yes,2,Not Graduate,,98.0,360.0,1.0,Semiurban,Y,3127.0
LP002505,Male,Yes,0,Graduate,No,110.0,360.0,1.0,Urban,N,6784.0
LP002515,Male,Yes,1,Graduate,Yes,162.0,360.0,1.0,Semiurban,Y,5529.0
LP002517,Male,Yes,1,Not Graduate,No,113.0,180.0,0.0,Rural,N,4153.0
LP002519,Male,Yes,3,Graduate,No,100.0,360.0,1.0,Semiurban,Y,4691.0
LP002522,Female,No,0,Graduate,Yes,93.0,360.0,,Urban,Y,2500.0
LP002524,Male,No,2,Graduate,No,162.0,360.0,1.0,Rural,Y,10180.0
LP002527,Male,Yes,2,Graduate,Yes,150.0,360.0,1.0,Rural,Y,17539.0
LP002529,Male,Yes,2,Graduate,No,230.0,300.0,1.0,Semiurban,Y,8450.0
LP002530,,Yes,2,Graduate,No,132.0,360.0,0.0,Semiurban,N,4745.0
LP002531,Male,Yes,1,Graduate,Yes,86.0,360.0,1.0,Semiurban,Y,18917.0
LP002533,Male,Yes,2,Graduate,No,,360.0,1.0,Urban,N,4550.0
LP002534,Female,No,0,Not Graduate,No,154.0,360.0,1.0,Rural,Y,4350.0
LP002536,Male,Yes,3,Not Graduate,No,113.0,360.0,1.0,Rural,Y,3095.0
LP002537,Male,Yes,0,Graduate,No,128.0,360.0,1.0,Semiurban,Y,5233.0
LP002541,Male,Yes,0,Graduate,No,234.0,360.0,1.0,Semiurban,Y,10833.0
LP002543,Male,Yes,2,Graduate,No,246.0,360.0,1.0,Semiurban,Y,8333.0
LP002544,Male,Yes,1,Not Graduate,No,131.0,360.0,1.0,Rural,Y,4394.0
LP002545,Male,No,2,Graduate,No,80.0,360.0,0.0,Rural,N,3547.0
LP002547,Male,Yes,1,Graduate,No,500.0,360.0,1.0,Urban,N,18333.0
LP002555,Male,Yes,2,Graduate,Yes,160.0,360.0,1.0,Semiurban,Y,6666.0
LP002556,Male,No,0,Graduate,No,75.0,360.0,1.0,Urban,N,2435.0
LP002560,Male,No,0,Not Graduate,No,96.0,360.0,,Semiurban,Y,5484.0
LP002562,Male,Yes,1,Not Graduate,No,186.0,360.0,,Urban,Y,6464.0
LP002571,Male,No,0,Not Graduate,No,110.0,360.0,1.0,Rural,Y,3691.0
LP002582,Female,No,0,Not Graduate,Yes,225.0,360.0,1.0,Semiurban,Y,17263.0
LP002585,Male,Yes,0,Graduate,No,119.0,360.0,0.0,Rural,N,5754.0
LP002586,Female,Yes,1,Graduate,No,105.0,84.0,1.0,Semiurban,Y,4239.0
LP002587,Male,Yes,0,Not Graduate,No,107.0,360.0,1.0,Rural,Y,4300.0
LP002588,Male,Yes,0,Graduate,No,111.0,12.0,,Urban,Y,7482.0
LP002600,Male,Yes,1,Graduate,Yes,95.0,360.0,1.0,Semiurban,Y,2895.0
LP002602,Male,No,0,Graduate,No,209.0,360.0,0.0,Rural,N,10699.0
LP002603,Female,No,0,Graduate,No,113.0,480.0,1.0,Rural,Y,4328.0
LP002606,Female,No,0,Graduate,No,100.0,360.0,1.0,Semiurban,Y,3159.0
LP002615,Male,Yes,2,Graduate,No,208.0,360.0,1.0,Semiurban,Y,10489.0
LP002618,Male,Yes,1,Not Graduate,No,138.0,360.0,,Rural,N,9352.0
LP002619,Male,Yes,0,Not Graduate,No,124.0,300.0,1.0,Semiurban,Y,5297.0
LP002622,Male,Yes,2,Graduate,No,243.0,360.0,1.0,Rural,Y,7926.0
LP002624,Male,Yes,0,Graduate,No,480.0,360.0,,Urban,Y,27500.0
LP002625,,No,0,Graduate,No,96.0,360.0,1.0,Urban,N,3583.0
LP002626,Male,Yes,0,Graduate,Yes,188.0,360.0,1.0,Urban,Y,5492.0
LP002634,Female,No,1,Graduate,No,40.0,360.0,1.0,Urban,Y,13262.0
LP002637,Male,No,0,Not Graduate,No,100.0,360.0,1.0,Rural,N,4885.0
LP002640,Male,Yes,1,Graduate,No,250.0,360.0,1.0,Semiurban,Y,8069.0
LP002643,Male,Yes,2,Graduate,No,148.0,360.0,1.0,Urban,Y,5318.0
LP002648,Male,Yes,0,Graduate,No,70.0,180.0,1.0,Semiurban,N,8796.0
LP002652,Male,No,0,Graduate,No,311.0,360.0,1.0,Rural,N,9481.0
LP002659,Male,Yes,3,Graduate,No,150.0,360.0,1.0,Rural,Y,6894.0
LP002670,Female,Yes,2,Graduate,No,113.0,480.0,1.0,Semiurban,Y,3663.0
LP002682,Male,Yes,,Not Graduate,No,123.0,360.0,0.0,Semiurban,N,4874.0
LP002683,Male,No,0,Graduate,No,185.0,360.0,1.0,Semiurban,N,6598.0
LP002684,Female,No,0,Not Graduate,No,95.0,360.0,1.0,Rural,N,3400.0
LP002689,Male,Yes,2,Not Graduate,No,45.0,360.0,1.0,Semiurban,Y,3934.0
LP002690,Male,No,0,Graduate,No,55.0,360.0,1.0,Semiurban,Y,2500.0
LP002692,Male,Yes,3,Graduate,Yes,100.0,360.0,1.0,Rural,Y,7101.0
LP002693,Male,Yes,2,Graduate,Yes,480.0,360.0,1.0,Rural,Y,15114.0
LP002697,Male,No,0,Graduate,No,,360.0,1.0,Semiurban,N,6767.0
LP002699,Male,Yes,2,Graduate,Yes,400.0,360.0,1.0,Rural,Y,17500.0
LP002705,Male,Yes,0,Graduate,No,110.0,360.0,1.0,Semiurban,Y,3775.0
LP002706,Male,Yes,1,Not Graduate,No,161.0,360.0,0.0,Semiurban,Y,6715.0
LP002714,Male,No,1,Not Graduate,No,94.0,360.0,1.0,Semiurban,Y,3981.0
LP002716,Male,No,0,Not Graduate,No,130.0,360.0,1.0,Semiurban,Y,6783.0
LP002717,Male,Yes,0,Graduate,No,216.0,360.0,,Rural,Y,6525.0
LP002720,Male,Yes,3,Graduate,No,100.0,360.0,1.0,Urban,Y,4281.0
LP002723,Male,No,2,Graduate,No,110.0,360.0,0.0,Rural,N,3588.0
LP002729,Male,No,1,Graduate,No,196.0,360.0,,Semiurban,N,11250.0
LP002731,Female,No,0,Not Graduate,Yes,125.0,360.0,1.0,Urban,Y,18165.0
LP002732,Male,No,0,Not Graduate,,126.0,360.0,1.0,Rural,Y,4592.0
LP002734,Male,Yes,0,Graduate,No,324.0,360.0,1.0,Urban,Y,10039.0
LP002738,Male,No,2,Graduate,No,107.0,360.0,1.0,Semiurban,Y,3617.0
LP002739,Male,Yes,0,Not Graduate,No,66.0,360.0,1.0,Rural,N,3453.0
LP002740,Male,Yes,3,Graduate,No,157.0,180.0,1.0,Rural,Y,6417.0
LP002741,Female,Yes,1,Graduate,No,140.0,180.0,1.0,Semiurban,Y,7453.0
LP002743,Female,No,0,Graduate,No,99.0,360.0,0.0,Semiurban,N,2138.0
LP002753,Female,No,1,Graduate,,95.0,360.0,1.0,Semiurban,Y,3652.0
LP002755,Male,Yes,1,Not Graduate,No,128.0,360.0,1.0,Urban,Y,4763.0
LP002757,Female,Yes,0,Not Graduate,No,102.0,360.0,,Semiurban,Y,3680.0
LP002767,Male,Yes,0,Graduate,No,155.0,360.0,1.0,Rural,Y,4718.0
LP002768,Male,No,0,Not Graduate,No,80.0,36.0,1.0,Semiurban,N,3358.0
LP002772,Male,No,0,Graduate,No,145.0,360.0,1.0,Rural,Y,4309.0
LP002776,Female,No,0,Graduate,No,103.0,360.0,0.0,Semiurban,N,5000.0
LP002777,Male,Yes,0,Graduate,No,110.0,360.0,1.0,Rural,Y,4801.0
LP002778,Male,Yes,2,Graduate,Yes,,360.0,0.0,Rural,N,6633.0
LP002784,Male,Yes,1,Not Graduate,No,,360.0,1.0,Rural,Y,4867.0
LP002785,Male,Yes,1,Graduate,No,158.0,360.0,1.0,Urban,Y,6583.0
LP002788,Male,Yes,0,Not Graduate,No,181.0,360.0,0.0,Urban,N,4787.0
LP002789,Male,Yes,0,Graduate,No,132.0,180.0,0.0,Rural,N,7859.0
LP002792,Male,Yes,1,Graduate,No,26.0,360.0,1.0,Semiurban,Y,6500.0
LP002794,Female,No,0,Graduate,No,84.0,360.0,,Urban,Y,4292.0
LP002795,Male,Yes,3,Graduate,Yes,260.0,360.0,1.0,Semiurban,Y,10139.0
LP002798,Male,Yes,0,Graduate,No,162.0,360.0,1.0,Semiurban,Y,6556.0
LP002804,Female,Yes,0,Graduate,No,182.0,360.0,1.0,Semiurban,Y,6486.0
LP002807,Male,Yes,2,Not Graduate,No,108.0,360.0,1.0,Semiurban,Y,3917.0
LP002813,Female,Yes,1,Graduate,Yes,600.0,360.0,1.0,Semiurban,Y,19484.0
LP002820,Male,Yes,0,Graduate,No,211.0,360.0,1.0,Rural,Y,7977.0
LP002821,Male,No,0,Not Graduate,Yes,132.0,360.0,1.0,Semiurban,Y,5800.0
LP002832,Male,Yes,2,Graduate,No,258.0,360.0,0.0,Urban,N,8799.0
LP002833,Male,Yes,0,Not Graduate,No,120.0,360.0,,Rural,Y,4467.0
LP002836,Male,No,0,Graduate,No,70.0,360.0,1.0,Urban,Y,3333.0
LP002837,Male,Yes,3,Graduate,No,123.0,360.0,0.0,Rural,N,5900.0
LP002840,Female,No,0,Graduate,No,9.0,360.0,1.0,Urban,N,2378.0
LP002841,Male,Yes,0,Graduate,No,104.0,360.0,0.0,Urban,N,5230.0
LP002842,Male,Yes,1,Graduate,No,186.0,360.0,1.0,Urban,Y,5167.0
LP002847,Male,Yes,,Graduate,No,165.0,360.0,0.0,Urban,N,6567.0
LP002855,Male,Yes,2,Graduate,No,275.0,360.0,1.0,Urban,Y,16666.0
LP002862,Male,Yes,2,Not Graduate,No,187.0,480.0,1.0,Semiurban,N,7750.0
LP002863,Male,Yes,3,Graduate,No,150.0,360.0,1.0,Semiurban,N,6406.0
LP002868,Male,Yes,2,Graduate,No,108.0,84.0,1.0,Urban,Y,3620.0
LP002872,,Yes,0,Graduate,No,136.0,360.0,0.0,Semiurban,N,5297.0
LP002874,Male,No,0,Graduate,No,110.0,360.0,1.0,Urban,Y,5968.0
LP002877,Male,Yes,1,Graduate,No,107.0,360.0,1.0,Rural,Y,4014.0
LP002888,Male,No,0,Graduate,,161.0,360.0,1.0,Urban,Y,6099.0
LP002892,Male,Yes,2,Graduate,No,205.0,360.0,1.0,Semiurban,Y,6540.0
LP002893,Male,No,0,Graduate,No,90.0,360.0,1.0,Urban,N,35673.0
LP002894,Female,Yes,0,Graduate,No,36.0,360.0,1.0,Semiurban,Y,3166.0
LP002898,Male,Yes,1,Graduate,No,61.0,360.0,,Rural,N,1880.0
LP002911,Male,Yes,1,Graduate,No,146.0,360.0,0.0,Rural,N,4704.0
LP002912,Male,Yes,1,Graduate,No,172.0,84.0,1.0,Rural,N,7283.0
LP002916,Male,Yes,0,Graduate,No,104.0,360.0,1.0,Urban,Y,3819.0
LP002917,Female,No,0,Not Graduate,No,70.0,360.0,1.0,Semiurban,Y,2165.0
LP002925,,No,0,Graduate,No,94.0,360.0,1.0,Semiurban,Y,4750.0
LP002926,Male,Yes,2,Graduate,Yes,106.0,360.0,0.0,Semiurban,N,2726.0
LP002928,Male,Yes,0,Graduate,No,56.0,180.0,1.0,Semiurban,Y,6416.0
LP002931,Male,Yes,2,Graduate,Yes,205.0,240.0,1.0,Semiurban,N,6000.0
LP002933,,No,3,Graduate,Yes,292.0,360.0,1.0,Semiurban,Y,9357.0
LP002936,Male,Yes,0,Graduate,No,142.0,180.0,1.0,Rural,Y,7159.0
LP002938,Male,Yes,0,Graduate,Yes,260.0,360.0,1.0,Urban,Y,16120.0
LP002940,Male,No,0,Not Graduate,No,110.0,360.0,1.0,Rural,Y,3833.0
LP002941,Male,Yes,2,Not Graduate,Yes,187.0,360.0,1.0,Rural,N,7383.0
LP002943,Male,No,,Graduate,No,88.0,360.0,0.0,Semiurban,N,2987.0
LP002945,Male,Yes,0,Graduate,Yes,180.0,360.0,1.0,Rural,Y,9963.0
LP002948,Male,Yes,2,Graduate,No,192.0,360.0,1.0,Urban,Y,5780.0
LP002949,Female,No,3,Graduate,,350.0,180.0,,Urban,N,42083.0
LP002950,Male,Yes,0,Not Graduate,,155.0,360.0,1.0,Rural,Y,5686.0
LP002953,Male,Yes,3,Graduate,No,128.0,360.0,1.0,Urban,Y,5703.0
LP002958,Male,No,0,Graduate,No,172.0,360.0,1.0,Rural,Y,7977.0
LP002959,Female,Yes,1,Graduate,No,496.0,360.0,1.0,Semiurban,Y,12000.0
LP002960,Male,Yes,0,Not Graduate,No,,180.0,1.0,Urban,N,6200.0
LP002961,Male,Yes,1,Graduate,No,173.0,360.0,1.0,Semiurban,Y,5900.0
LP002964,Male,Yes,2,Not Graduate,No,157.0,360.0,1.0,Rural,Y,5398.0
LP002974,Male,Yes,0,Graduate,No,108.0,360.0,1.0,Rural,Y,5182.0
LP002978,Female,No,0,Graduate,No,71.0,360.0,1.0,Rural,Y,2900.0
LP002979,Male,Yes,3,Graduate,No,40.0,180.0,1.0,Rural,Y,4106.0
LP002983,Male,Yes,1,Graduate,No,253.0,360.0,1.0,Urban,Y,8312.0
LP002984,Male,Yes,2,Graduate,No,187.0,360.0,1.0,Urban,Y,7583.0
LP002990,Female,No,0,Graduate,Yes,133.0,360.0,0.0,Semiurban,N,4583.0
